{
  "NR_IQA.qalign.raw": {
    "mean": 2.0387764362373737,
    "std": 0.46975923745648196
  },
  "NR_IQA.qalign.proc": {
    "mean": 3.7271444917929295,
    "std": 0.8128856291053655
  },
  "NR_IQA.maniqa.raw": {
    "mean": 0.1794604780999097,
    "std": 0.06118404194431114
  },
  "NR_IQA.maniqa.proc": {
    "mean": 0.31014340630534926,
    "std": 0.09495163734644431
  },
  "NR_IQA.clipiqa.raw": {
    "mean": 0.22814270966883862,
    "std": 0.07435414847249248
  },
  "NR_IQA.clipiqa.proc": {
    "mean": 0.4354266402396289,
    "std": 0.1611722852655268
  },
  "NR_IQA.musiq.raw": {
    "mean": 27.726540941180605,
    "std": 8.335314497700995
  },
  "NR_IQA.musiq.proc": {
    "mean": 61.15754418421273,
    "std": 10.129724538191123
  },
  "FR_IQA.lpips": {
    "mean": 0.41952909860346055,
    "std": 0.12465038065479597
  },
  "FR_IQA.psnr": {
    "mean": 18.22988971619109,
    "std": 4.334056969952634
  },
  "FR_IQA.ssim": {
    "mean": 0.5858491124829861,
    "std": 0.17484208301777923
  }
}