{
  "NR_IQA.qalign.raw": {
    "mean": 2.1889880952380953,
    "std": 0.4550103564577902
  },
  "NR_IQA.qalign.proc": {
    "mean": 3.85498046875,
    "std": 0.7968408840909145
  },
  "NR_IQA.maniqa.raw": {
    "mean": 0.19578380563429423,
    "std": 0.056366084630268626
  },
  "NR_IQA.maniqa.proc": {
    "mean": 0.327464355244523,
    "std": 0.08563270925158581
  },
  "NR_IQA.clipiqa.raw": {
    "mean": 0.24122781874168486,
    "std": 0.07579388763463189
  },
  "NR_IQA.clipiqa.proc": {
    "mean": 0.46782897944961277,
    "std": 0.1620181057853658
  },
  "NR_IQA.musiq.raw": {
    "mean": 30.322576341174898,
    "std": 9.765621453707974
  },
  "NR_IQA.musiq.proc": {
    "mean": 62.77445411682129,
    "std": 10.357521778627182
  },
  "FR_IQA.lpips": {
    "mean": 0.395856428359236,
    "std": 0.12392342083836226
  },
  "FR_IQA.psnr": {
    "mean": 19.178173064716468,
    "std": 4.381315551617319
  },
  "FR_IQA.ssim": {
    "mean": 0.6072804683021137,
    "std": 0.17177769725978273
  }
}