{
  "NR_IQA.qalign.raw": {
    "mean": 2.1480090082908165,
    "std": 0.33334965877910355
  },
  "NR_IQA.qalign.proc": {
    "mean": 2.981525031887755,
    "std": 0.6215402969050334
  },
  "NR_IQA.maniqa.raw": {
    "mean": 0.23117285807217872,
    "std": 0.09703002712143904
  },
  "NR_IQA.maniqa.proc": {
    "mean": 0.45387956317590206,
    "std": 0.14481557222621066
  },
  "NR_IQA.clipiqa.raw": {
    "mean": 0.46970419235983674,
    "std": 0.1420652517707405
  },
  "NR_IQA.clipiqa.proc": {
    "mean": 0.7485823828955086,
    "std": 0.1337824307275975
  },
  "NR_IQA.musiq.raw": {
    "mean": 43.6425919824717,
    "std": 12.066949947146027
  },
  "NR_IQA.musiq.proc": {
    "mean": 63.20725020583795,
    "std": 8.320338930083942
  },
  "FR_IQA.lpips": {
    "mean": 0.27755403480663593,
    "std": 0.16181102389215138
  },
  "FR_IQA.psnr": {
    "mean": 15.648119260085522,
    "std": 4.76102123139454
  },
  "FR_IQA.ssim": {
    "mean": 0.5703618579297042,
    "std": 0.21375796897478347
  }
}