{
  "NR_IQA.qalign.raw": {
    "mean": 2.1427904211956523,
    "std": 0.32783556462238306
  },
  "NR_IQA.qalign.proc": {
    "mean": 2.9641431725543477,
    "std": 0.6012103376734151
  },
  "NR_IQA.maniqa.raw": {
    "mean": 0.22739037571717863,
    "std": 0.09306552276672259
  },
  "NR_IQA.maniqa.proc": {
    "mean": 0.44606392522868904,
    "std": 0.13226752165368047
  },
  "NR_IQA.clipiqa.raw": {
    "mean": 0.4643666846272738,
    "std": 0.13771260429920545
  },
  "NR_IQA.clipiqa.proc": {
    "mean": 0.7421495590520941,
    "std": 0.12192674290735397
  },
  "NR_IQA.musiq.raw": {
    "mean": 43.56254623247229,
    "std": 11.619720356141121
  },
  "NR_IQA.musiq.proc": {
    "mean": 62.63872627590013,
    "std": 8.450811768165872
  },
  "FR_IQA.lpips": {
    "mean": 0.26850433113134425,
    "std": 0.13965168257554153
  },
  "FR_IQA.psnr": {
    "mean": 15.654652422902872,
    "std": 4.65807669141288
  },
  "FR_IQA.ssim": {
    "mean": 0.573513629157906,
    "std": 0.20142022399664067
  }
}