{
  "NR_IQA.qalign.raw": {
    "mean": 2.14318970959596,
    "std": 0.33115522054298585
  },
  "NR_IQA.qalign.proc": {
    "mean": 2.986032196969697,
    "std": 0.5964662508087406
  },
  "NR_IQA.maniqa.raw": {
    "mean": 0.22851365481061164,
    "std": 0.09765595009341531
  },
  "NR_IQA.maniqa.proc": {
    "mean": 0.4526552351737263,
    "std": 0.13450098298246654
  },
  "NR_IQA.clipiqa.raw": {
    "mean": 0.4676799868995493,
    "std": 0.13900968863057303
  },
  "NR_IQA.clipiqa.proc": {
    "mean": 0.7586286224500097,
    "std": 0.12539252679122678
  },
  "NR_IQA.musiq.raw": {
    "mean": 43.425020391290836,
    "std": 11.887021480730299
  },
  "NR_IQA.musiq.proc": {
    "mean": 63.27360303474195,
    "std": 8.247904635412075
  },
  "FR_IQA.lpips": {
    "mean": 0.2655245496919661,
    "std": 0.13493224465656467
  },
  "FR_IQA.psnr": {
    "mean": 15.787144585705944,
    "std": 4.394891944363746
  },
  "FR_IQA.ssim": {
    "mean": 0.5736906014458097,
    "std": 0.19941751342142663
  }
}