{
  "NR_IQA.qalign.raw": {
    "mean": 2.149625483247423,
    "std": 0.33469504808842476
  },
  "NR_IQA.qalign.proc": {
    "mean": 3.022642155283505,
    "std": 0.5978754897215787
  },
  "NR_IQA.maniqa.raw": {
    "mean": 0.23181124315741136,
    "std": 0.09732698887021397
  },
  "NR_IQA.maniqa.proc": {
    "mean": 0.4581442529085985,
    "std": 0.13599890933699357
  },
  "NR_IQA.clipiqa.raw": {
    "mean": 0.4715671436381094,
    "std": 0.14159488001064488
  },
  "NR_IQA.clipiqa.proc": {
    "mean": 0.7614865465876982,
    "std": 0.12047821920626194
  },
  "NR_IQA.musiq.raw": {
    "mean": 43.669841097802234,
    "std": 12.126604669935451
  },
  "NR_IQA.musiq.proc": {
    "mean": 63.616725095768565,
    "std": 8.13312053890424
  },
  "FR_IQA.lpips": {
    "mean": 0.2737062486637499,
    "std": 0.1451039804001427
  },
  "FR_IQA.psnr": {
    "mean": 15.556968058834194,
    "std": 4.376942452970085
  },
  "FR_IQA.ssim": {
    "mean": 0.5766859505824822,
    "std": 0.19119705360834827
  }
}