{
  "NR_IQA.qalign.raw": {
    "mean": 1.68453125,
    "std": 0.4204061359402192
  },
  "NR_IQA.qalign.proc": {
    "mean": 3.84421875,
    "std": 0.8396520341984104
  },
  "NR_IQA.maniqa.raw": {
    "mean": 0.1292893611267209,
    "std": 0.049821703063355635
  },
  "NR_IQA.maniqa.proc": {
    "mean": 0.3313860855996609,
    "std": 0.09903693362966788
  },
  "NR_IQA.clipiqa.raw": {
    "mean": 0.41033526927232744,
    "std": 0.08590387013343533
  },
  "NR_IQA.clipiqa.proc": {
    "mean": 0.49356502160429955,
    "std": 0.1394091265637451
  },
  "NR_IQA.musiq.raw": {
    "mean": 20.84734941482544,
    "std": 4.422640083348467
  },
  "NR_IQA.musiq.proc": {
    "mean": 62.134045104980466,
    "std": 13.283631252783941
  },
  "FR_IQA.lpips": {
    "mean": 1.0161165526509286,
    "std": 0.22479581381202732
  },
  "FR_IQA.psnr": {
    "mean": 14.997947991405702,
    "std": 2.737914633713246
  },
  "FR_IQA.ssim": {
    "mean": 0.1444168223068118,
    "std": 0.1099377234473231
  }
}