{
  "NR_IQA.qalign.raw": {
    "mean": 1.68453125,
    "std": 0.4204061359402192
  },
  "NR_IQA.qalign.proc": {
    "mean": 3.7849609375,
    "std": 0.9415978367417447
  },
  "NR_IQA.maniqa.raw": {
    "mean": 0.1292893611267209,
    "std": 0.049821703063355635
  },
  "NR_IQA.maniqa.proc": {
    "mean": 0.3256065138429403,
    "std": 0.10506540684136205
  },
  "NR_IQA.clipiqa.raw": {
    "mean": 0.41033526927232744,
    "std": 0.08590387013343533
  },
  "NR_IQA.clipiqa.proc": {
    "mean": 0.4847893300652504,
    "std": 0.14536637993027388
  },
  "NR_IQA.musiq.raw": {
    "mean": 20.84734941482544,
    "std": 4.422640083348467
  },
  "NR_IQA.musiq.proc": {
    "mean": 60.439660663604734,
    "std": 15.100652578307676
  },
  "FR_IQA.lpips": {
    "mean": 1.010918899178505,
    "std": 0.2425199168452174
  },
  "FR_IQA.psnr": {
    "mean": 15.069298585540237,
    "std": 2.679810712178149
  },
  "FR_IQA.ssim": {
    "mean": 0.14737956235185265,
    "std": 0.11218919308410105
  }
}