{
  "NR_IQA.qalign.raw": {
    "mean": 1.68453125,
    "std": 0.4204061359402192
  },
  "NR_IQA.qalign.proc": {
    "mean": 3.84353515625,
    "std": 0.887340313227945
  },
  "NR_IQA.maniqa.raw": {
    "mean": 0.1292893611267209,
    "std": 0.049821703063355635
  },
  "NR_IQA.maniqa.proc": {
    "mean": 0.33568893298506736,
    "std": 0.10522225096934255
  },
  "NR_IQA.clipiqa.raw": {
    "mean": 0.41033526927232744,
    "std": 0.08590387013343533
  },
  "NR_IQA.clipiqa.proc": {
    "mean": 0.5021643179655075,
    "std": 0.14059118206422536
  },
  "NR_IQA.musiq.raw": {
    "mean": 20.84734941482544,
    "std": 4.422640083348467
  },
  "NR_IQA.musiq.proc": {
    "mean": 61.70937957763672,
    "std": 13.935102219105367
  },
  "FR_IQA.lpips": {
    "mean": 1.01524709045887,
    "std": 0.2275236477294673
  },
  "FR_IQA.psnr": {
    "mean": 14.934816258062765,
    "std": 2.6353377649867755
  },
  "FR_IQA.ssim": {
    "mean": 0.1424823572486639,
    "std": 0.10741136442538674
  }
}