{
  "NR_IQA.qalign.raw": {
    "mean": 2.29029296875,
    "std": 0.4009309574883819
  },
  "NR_IQA.qalign.proc": {
    "mean": 3.011181640625,
    "std": 0.5379108921243668
  },
  "NR_IQA.maniqa.raw": {
    "mean": 0.28499276615679264,
    "std": 0.08678573682493654
  },
  "NR_IQA.maniqa.proc": {
    "mean": 0.5212284836173058,
    "std": 0.11772127444318822
  },
  "NR_IQA.clipiqa.raw": {
    "mean": 0.5607445675134659,
    "std": 0.14019007834047184
  },
  "NR_IQA.clipiqa.proc": {
    "mean": 0.8193199753761291,
    "std": 0.09474942561260073
  },
  "NR_IQA.musiq.raw": {
    "mean": 50.03466066360474,
    "std": 8.17986513281765
  },
  "NR_IQA.musiq.proc": {
    "mean": 64.02992488861084,
    "std": 7.354059565489674
  },
  "FR_IQA.lpips": {
    "mean": 0.3134593367576599,
    "std": 0.146979954706721
  },
  "FR_IQA.psnr": {
    "mean": 16.675418870132628,
    "std": 3.7706117275971134
  },
  "FR_IQA.ssim": {
    "mean": 0.43923347633332016,
    "std": 0.23035082271580792
  }
}