{
  "NR_IQA.qalign.raw": {
    "mean": 2.29029296875,
    "std": 0.4009309574883819
  },
  "NR_IQA.qalign.proc": {
    "mean": 3.023671875,
    "std": 0.5232354113412275
  },
  "NR_IQA.maniqa.raw": {
    "mean": 0.28499276615679264,
    "std": 0.08678573682493654
  },
  "NR_IQA.maniqa.proc": {
    "mean": 0.5152828714251518,
    "std": 0.11775116225604927
  },
  "NR_IQA.clipiqa.raw": {
    "mean": 0.5607445675134659,
    "std": 0.14019007834047184
  },
  "NR_IQA.clipiqa.proc": {
    "mean": 0.8168202674388886,
    "std": 0.09854223170068631
  },
  "NR_IQA.musiq.raw": {
    "mean": 50.03466066360474,
    "std": 8.17986513281765
  },
  "NR_IQA.musiq.proc": {
    "mean": 63.98081604003906,
    "std": 7.594435681098546
  },
  "FR_IQA.lpips": {
    "mean": 0.30766374230384824,
    "std": 0.14288116102274154
  },
  "FR_IQA.psnr": {
    "mean": 16.681186113633327,
    "std": 3.727654552466558
  },
  "FR_IQA.ssim": {
    "mean": 0.4415555981919169,
    "std": 0.2263658542539136
  }
}