{
  "NR_IQA.qalign.raw": {
    "mean": 2.29029296875,
    "std": 0.4009309574883819
  },
  "NR_IQA.qalign.proc": {
    "mean": 3.02376953125,
    "std": 0.5134487031612507
  },
  "NR_IQA.maniqa.raw": {
    "mean": 0.28499276615679264,
    "std": 0.08678573682493654
  },
  "NR_IQA.maniqa.proc": {
    "mean": 0.517435126900673,
    "std": 0.11935776647405864
  },
  "NR_IQA.clipiqa.raw": {
    "mean": 0.5607445675134659,
    "std": 0.14019007834047184
  },
  "NR_IQA.clipiqa.proc": {
    "mean": 0.8177656149864196,
    "std": 0.0924633883000713
  },
  "NR_IQA.musiq.raw": {
    "mean": 50.03466066360474,
    "std": 8.17986513281765
  },
  "NR_IQA.musiq.proc": {
    "mean": 63.90486633300781,
    "std": 7.245068749849063
  },
  "FR_IQA.lpips": {
    "mean": 0.3065166988223791,
    "std": 0.13974948474125837
  },
  "FR_IQA.psnr": {
    "mean": 16.845906222215277,
    "std": 3.6545581160236047
  },
  "FR_IQA.ssim": {
    "mean": 0.4440812600776553,
    "std": 0.22532660058258963
  }
}