{
  "foggy-048.jpg": {
    "NR_IQA": {
      "qalign": {
        "raw": 2.58984375,
        "proc": 3.12109375
      },
      "maniqa": {
        "raw": 0.2601856589317322,
        "proc": 0.322014719247818
      },
      "clipiqa": {
        "raw": 0.2796936333179474,
        "proc": 0.3621198832988739
      },
      "musiq": {
        "raw": 20.07583236694336,
        "proc": 52.2591552734375
      }
    },
    "FR_IQA": {
      "lpips": 0.19487927854061127,
      "psnr": 23.97832315708614,
      "ssim": 0.8907615542411804
    }
  }
}