{
  "foggy-048.jpg": {
    "NR_IQA": {
      "qalign": {
        "raw": 2.58984375,
        "proc": 3.119140625
      },
      "maniqa": {
        "raw": 0.2601856589317322,
        "proc": 0.3013438582420349
      },
      "clipiqa": {
        "raw": 0.2796936333179474,
        "proc": 0.40721964836120605
      },
      "musiq": {
        "raw": 20.07583236694336,
        "proc": 48.224021911621094
      }
    },
    "FR_IQA": {
      "lpips": 0.3709271252155304,
      "psnr": 18.01377449783927,
      "ssim": 0.796208918094635
    }
  }
}