{
  "NR_IQA.qalign.raw": {
    "mean": 2.037548828125,
    "std": 0.4675418865244146
  },
  "NR_IQA.qalign.proc": {
    "mean": 3.73056640625,
    "std": 0.8162447774445829
  },
  "NR_IQA.maniqa.raw": {
    "mean": 0.1786264628916979,
    "std": 0.06144291761880126
  },
  "NR_IQA.maniqa.proc": {
    "mean": 0.3140814032033086,
    "std": 0.09892424636457696
  },
  "NR_IQA.clipiqa.raw": {
    "mean": 0.22719063825905322,
    "std": 0.07458779765973186
  },
  "NR_IQA.clipiqa.proc": {
    "mean": 0.4389455530047417,
    "std": 0.16114957795292548
  },
  "NR_IQA.musiq.raw": {
    "mean": 27.637361583709716,
    "std": 8.34092146897947
  },
  "NR_IQA.musiq.proc": {
    "mean": 61.330946617126465,
    "std": 10.694324872307945
  },
  "FR_IQA.lpips": {
    "mean": 0.4094854202866554,
    "std": 0.12253605661980142
  },
  "FR_IQA.psnr": {
    "mean": 63.36377200149599,
    "std": 3.235470649582937
  },
  "FR_IQA.ssim": {
    "mean": 0.40475601068097106,
    "std": 0.16809904635324452
  }
}