{
  "NR_IQA.qalign.raw": {
    "mean": 2.037548828125,
    "std": 0.4675418865244146
  },
  "NR_IQA.qalign.proc": {
    "mean": 2.90501953125,
    "std": 0.897566090658718
  },
  "NR_IQA.maniqa.raw": {
    "mean": 0.1786264628916979,
    "std": 0.06144291761880126
  },
  "NR_IQA.maniqa.proc": {
    "mean": 0.24065601889044047,
    "std": 0.09102475922765113
  },
  "NR_IQA.clipiqa.raw": {
    "mean": 0.22719063825905322,
    "std": 0.07458779765973186
  },
  "NR_IQA.clipiqa.proc": {
    "mean": 0.3093142439424992,
    "std": 0.1554491390785943
  },
  "NR_IQA.musiq.raw": {
    "mean": 27.637361583709716,
    "std": 8.34092146897947
  },
  "NR_IQA.musiq.proc": {
    "mean": 46.4823077583313,
    "std": 12.850029848636984
  },
  "FR_IQA.lpips": {
    "mean": 0.41281581684947016,
    "std": 0.11837103807819306
  },
  "FR_IQA.psnr": {
    "mean": 63.755501681841665,
    "std": 3.362256326785141
  },
  "FR_IQA.ssim": {
    "mean": 0.4779384893837699,
    "std": 0.15271277085823567
  }
}