{
  "NR_IQA.qalign.raw": {
    "mean": 2.033235319368132,
    "std": 0.4718256539440965
  },
  "NR_IQA.qalign.proc": {
    "mean": 3.7421016483516483,
    "std": 0.7842796432987502
  },
  "NR_IQA.maniqa.raw": {
    "mean": 0.17792204300780873,
    "std": 0.06266992716466617
  },
  "NR_IQA.maniqa.proc": {
    "mean": 0.30749364090817316,
    "std": 0.09384415758446961
  },
  "NR_IQA.clipiqa.raw": {
    "mean": 0.224447967341313,
    "std": 0.07252614799735659
  },
  "NR_IQA.clipiqa.proc": {
    "mean": 0.4278171760040325,
    "std": 0.15079672171435132
  },
  "NR_IQA.musiq.raw": {
    "mean": 27.41723928346739,
    "std": 8.360643288681782
  },
  "NR_IQA.musiq.proc": {
    "mean": 60.83235834981059,
    "std": 10.750108250629063
  },
  "FR_IQA.lpips": {
    "mean": 0.3998046537022014,
    "std": 0.11684823010936367
  },
  "FR_IQA.psnr": {
    "mean": 63.5292997043179,
    "std": 3.1782121616963823
  },
  "FR_IQA.ssim": {
    "mean": 0.4175393913589177,
    "std": 0.16363997110356923
  }
}