{
  "NR_IQA.qalign.raw": {
    "mean": 2.030189432123656,
    "std": 0.4730125157760625
  },
  "NR_IQA.qalign.proc": {
    "mean": 3.7155157930107525,
    "std": 0.7711157915269656
  },
  "NR_IQA.maniqa.raw": {
    "mean": 0.17618678910757907,
    "std": 0.06001358729122686
  },
  "NR_IQA.maniqa.proc": {
    "mean": 0.3115701357363373,
    "std": 0.10053803805916318
  },
  "NR_IQA.clipiqa.raw": {
    "mean": 0.222527794700156,
    "std": 0.071682155523948
  },
  "NR_IQA.clipiqa.proc": {
    "mean": 0.4356621665659771,
    "std": 0.1669046275317853
  },
  "NR_IQA.musiq.raw": {
    "mean": 27.504741032918293,
    "std": 8.562323005209024
  },
  "NR_IQA.musiq.proc": {
    "mean": 60.89154052734375,
    "std": 10.591790872445648
  },
  "FR_IQA.lpips": {
    "mean": 0.39940783301348326,
    "std": 0.11637684479232538
  },
  "FR_IQA.psnr": {
    "mean": 63.61957379926145,
    "std": 3.1951850535158424
  },
  "FR_IQA.ssim": {
    "mean": 0.4181745524740165,
    "std": 0.16254624745826254
  }
}