{
  "NR_IQA.qalign.raw": {
    "mean": 2.037548828125,
    "std": 0.4675418865244146
  },
  "NR_IQA.qalign.proc": {
    "mean": 3.711201171875,
    "std": 0.7897734917142928
  },
  "NR_IQA.maniqa.raw": {
    "mean": 0.1786264628916979,
    "std": 0.06144291761880126
  },
  "NR_IQA.maniqa.proc": {
    "mean": 0.3112588057294488,
    "std": 0.09401794510003926
  },
  "NR_IQA.clipiqa.raw": {
    "mean": 0.22719063825905322,
    "std": 0.07458779765973186
  },
  "NR_IQA.clipiqa.proc": {
    "mean": 0.43661002680659294,
    "std": 0.1573109477128649
  },
  "NR_IQA.musiq.raw": {
    "mean": 27.637361583709716,
    "std": 8.34092146897947
  },
  "NR_IQA.musiq.proc": {
    "mean": 61.122644920349124,
    "std": 10.047037631941112
  },
  "FR_IQA.lpips": {
    "mean": 0.40699369728565216,
    "std": 0.1174242777863785
  },
  "FR_IQA.psnr": {
    "mean": 63.30865602823506,
    "std": 3.143285217252757
  },
  "FR_IQA.ssim": {
    "mean": 0.4007709467026331,
    "std": 0.16841495988660352
  }
}