{
  "NR_IQA.qalign.raw": {
    "mean": 2.037548828125,
    "std": 0.4675418865244146
  },
  "NR_IQA.qalign.proc": {
    "mean": 3.758369140625,
    "std": 0.7886960239478569
  },
  "NR_IQA.maniqa.raw": {
    "mean": 0.1786264628916979,
    "std": 0.06144291761880126
  },
  "NR_IQA.maniqa.proc": {
    "mean": 0.31461009085178376,
    "std": 0.09083175641336537
  },
  "NR_IQA.clipiqa.raw": {
    "mean": 0.22719063825905322,
    "std": 0.07458779765973186
  },
  "NR_IQA.clipiqa.proc": {
    "mean": 0.4423787538707256,
    "std": 0.16078653500680726
  },
  "NR_IQA.musiq.raw": {
    "mean": 27.637361583709716,
    "std": 8.34092146897947
  },
  "NR_IQA.musiq.proc": {
    "mean": 61.65661838531494,
    "std": 9.620184873918275
  },
  "FR_IQA.lpips": {
    "mean": 0.4029130570590496,
    "std": 0.12262509123444766
  },
  "FR_IQA.psnr": {
    "mean": 63.63295494533522,
    "std": 3.2705038961770225
  },
  "FR_IQA.ssim": {
    "mean": 0.41931536412797693,
    "std": 0.1680829994837134
  },
  "inference_speed.attempt1.planner.image_quality_analysis": {
    "mean": 275.83,
    "std": 0.0
  },
  "inference_speed.attempt1.planner.batch_process": {
    "mean": 5856.21,
    "std": 0.0
  },
  "inference_speed.attempt1.executor": {
    "mean": 5313.63,
    "std": 0.0
  },
  "inference_speed.attempt1.verifier": {
    "mean": 2752.6,
    "std": 0.0
  }
}