{
  "NR_IQA.qalign.raw": {
    "mean": 2.0387764362373737,
    "std": 0.46975923745648196
  },
  "NR_IQA.qalign.proc": {
    "mean": 3.7374033301767677,
    "std": 0.7865906137919766
  },
  "NR_IQA.maniqa.raw": {
    "mean": 0.1794604780999097,
    "std": 0.06118404194431114
  },
  "NR_IQA.maniqa.proc": {
    "mean": 0.3106564779700053,
    "std": 0.09507486635947082
  },
  "NR_IQA.clipiqa.raw": {
    "mean": 0.22814270966883862,
    "std": 0.07435414847249248
  },
  "NR_IQA.clipiqa.proc": {
    "mean": 0.4354699667957094,
    "std": 0.16113015090027236
  },
  "NR_IQA.musiq.raw": {
    "mean": 27.726540941180605,
    "std": 8.335314497700995
  },
  "NR_IQA.musiq.proc": {
    "mean": 61.09314103560014,
    "std": 10.230474900897974
  },
  "FR_IQA.psnr": {
    "mean": 63.480460594544475,
    "std": 3.1879429447744116
  },
  "FR_IQA.ssim": {
    "mean": 0.4121086587992629,
    "std": 0.16493951588004063
  },
  "FR_IQA.lpips": {
    "mean": 0.40841401707042346,
    "std": 0.1169906217655824
  }
}