{
  "NR_IQA.qalign.raw": {
    "mean": 2.0428059895833335,
    "std": 0.4664046371724884
  },
  "NR_IQA.qalign.proc": {
    "mean": 3.7391255696614585,
    "std": 0.7801514894632154
  },
  "NR_IQA.maniqa.raw": {
    "mean": 0.18030882005890211,
    "std": 0.06159117339736947
  },
  "NR_IQA.maniqa.proc": {
    "mean": 0.3072447878463815,
    "std": 0.08845804770667165
  },
  "NR_IQA.clipiqa.raw": {
    "mean": 0.22888941480778158,
    "std": 0.07557036766547444
  },
  "NR_IQA.clipiqa.proc": {
    "mean": 0.4313902435824275,
    "std": 0.1518393116395104
  },
  "NR_IQA.musiq.raw": {
    "mean": 27.8894677956899,
    "std": 8.38969799898769
  },
  "NR_IQA.musiq.proc": {
    "mean": 61.42098581790924,
    "std": 9.786434124848595
  },
  "FR_IQA.lpips": {
    "mean": 0.40029776204998296,
    "std": 0.11335063885934821
  },
  "FR_IQA.psnr": {
    "mean": 63.5075392360223,
    "std": 3.2544913684474523
  },
  "FR_IQA.ssim": {
    "mean": 0.41948899652546234,
    "std": 0.16764609060399344
  }
}