{
  "NR_IQA.qalign.raw": {
    "mean": 2.14599609375,
    "std": 0.33067150518973576
  },
  "NR_IQA.qalign.proc": {
    "mean": 2.263251953125,
    "std": 0.5120504368414446
  },
  "NR_IQA.maniqa.raw": {
    "mean": 0.2291305897384882,
    "std": 0.09735715336743854
  },
  "NR_IQA.maniqa.proc": {
    "mean": 0.2905880363285542,
    "std": 0.1327093702150391
  },
  "NR_IQA.clipiqa.raw": {
    "mean": 0.47045945569872855,
    "std": 0.14107107921244025
  },
  "NR_IQA.clipiqa.proc": {
    "mean": 0.5517527674138546,
    "std": 0.18557879478511485
  },
  "NR_IQA.musiq.raw": {
    "mean": 43.615414733886716,
    "std": 11.97910658602002
  },
  "NR_IQA.musiq.proc": {
    "mean": 48.200033321380616,
    "std": 15.255951191243424
  },
  "FR_IQA.lpips": {
    "mean": 0.25643009833991526,
    "std": 0.15183438785678754
  },
  "FR_IQA.psnr": {
    "mean": 61.88148326325756,
    "std": 3.39893111494033
  },
  "FR_IQA.ssim": {
    "mean": 0.5088699601789997,
    "std": 0.18874766799669307
  }
}