{
  "NR_IQA.qalign.raw": {
    "mean": 2.163160241168478,
    "std": 0.33461816065028954
  },
  "NR_IQA.qalign.proc": {
    "mean": 3.0254861582880435,
    "std": 0.6241994246818797
  },
  "NR_IQA.maniqa.raw": {
    "mean": 0.23459665720229564,
    "std": 0.09731868854479499
  },
  "NR_IQA.maniqa.proc": {
    "mean": 0.44967955917767855,
    "std": 0.1383730952708426
  },
  "NR_IQA.clipiqa.raw": {
    "mean": 0.4748538692036401,
    "std": 0.14315308074142613
  },
  "NR_IQA.clipiqa.proc": {
    "mean": 0.7492828906878181,
    "std": 0.1260764113350691
  },
  "NR_IQA.musiq.raw": {
    "mean": 44.0865596273671,
    "std": 11.74206649784949
  },
  "NR_IQA.musiq.proc": {
    "mean": 63.564750464066215,
    "std": 8.75179400369928
  },
  "FR_IQA.lpips": {
    "mean": 0.20158213619952617,
    "std": 0.12349558454833759
  },
  "FR_IQA.psnr": {
    "mean": 63.51368737259424,
    "std": 2.683345582759479
  },
  "FR_IQA.ssim": {
    "mean": 0.529670890165451,
    "std": 0.17741612161351375
  }
}