{
  "NR_IQA.qalign.raw": {
    "mean": 2.14599609375,
    "std": 0.33067150518973576
  },
  "NR_IQA.qalign.proc": {
    "mean": 2.997216796875,
    "std": 0.6059131054490611
  },
  "NR_IQA.maniqa.raw": {
    "mean": 0.2291305897384882,
    "std": 0.09735715336743854
  },
  "NR_IQA.maniqa.proc": {
    "mean": 0.450572614967823,
    "std": 0.14334689605596573
  },
  "NR_IQA.clipiqa.raw": {
    "mean": 0.47045945569872855,
    "std": 0.14107107921244025
  },
  "NR_IQA.clipiqa.proc": {
    "mean": 0.7490677598118782,
    "std": 0.133967254830076
  },
  "NR_IQA.musiq.raw": {
    "mean": 43.615414733886716,
    "std": 11.97910658602002
  },
  "NR_IQA.musiq.proc": {
    "mean": 63.361785125732425,
    "std": 8.290117543749524
  },
  "FR_IQA.lpips": {
    "mean": 0.2078017234057188,
    "std": 0.13208664313724833
  },
  "FR_IQA.psnr": {
    "mean": 63.21051862259982,
    "std": 2.7910995832016248
  },
  "FR_IQA.ssim": {
    "mean": 0.5097194862080133,
    "std": 0.19351680644135322
  }
}