{
  "NR_IQA.qalign.raw": {
    "mean": 2.14599609375,
    "std": 0.33067150518973576
  },
  "NR_IQA.qalign.proc": {
    "mean": 2.919697265625,
    "std": 0.6168105113871929
  },
  "NR_IQA.maniqa.raw": {
    "mean": 0.2291305897384882,
    "std": 0.09735715336743854
  },
  "NR_IQA.maniqa.proc": {
    "mean": 0.4400958277285099,
    "std": 0.13913188731208778
  },
  "NR_IQA.clipiqa.raw": {
    "mean": 0.47045945569872855,
    "std": 0.14107107921244025
  },
  "NR_IQA.clipiqa.proc": {
    "mean": 0.7372034728527069,
    "std": 0.12904349325242084
  },
  "NR_IQA.musiq.raw": {
    "mean": 43.615414733886716,
    "std": 11.97910658602002
  },
  "NR_IQA.musiq.proc": {
    "mean": 61.85562540054321,
    "std": 9.605758112725617
  },
  "FR_IQA.psnr": {
    "mean": 63.56711867982791,
    "std": 2.966568798353294
  },
  "FR_IQA.ssim": {
    "mean": 0.522165941562524,
    "std": 0.19251693292452465
  },
  "FR_IQA.lpips": {
    "mean": 0.19524430003017187,
    "std": 0.1111016263582244
  }
}