{
  "NR_IQA.qalign.raw": {
    "mean": 2.14318970959596,
    "std": 0.33115522054298585
  },
  "NR_IQA.qalign.proc": {
    "mean": 2.9980764678030303,
    "std": 0.6210257537648234
  },
  "NR_IQA.maniqa.raw": {
    "mean": 0.22851365481061164,
    "std": 0.09765595009341531
  },
  "NR_IQA.maniqa.proc": {
    "mean": 0.4505076686842273,
    "std": 0.1370803325524289
  },
  "NR_IQA.clipiqa.raw": {
    "mean": 0.4676799868995493,
    "std": 0.13900968863057303
  },
  "NR_IQA.clipiqa.proc": {
    "mean": 0.7490047065898625,
    "std": 0.13480866401746394
  },
  "NR_IQA.musiq.raw": {
    "mean": 43.425020391290836,
    "std": 11.887021480730299
  },
  "NR_IQA.musiq.proc": {
    "mean": 63.39863829179244,
    "std": 8.44558148349655
  },
  "FR_IQA.lpips": {
    "mean": 0.20589350698271183,
    "std": 0.12568776758917738
  },
  "FR_IQA.psnr": {
    "mean": 63.22458055497389,
    "std": 2.8188598792324657
  },
  "FR_IQA.ssim": {
    "mean": 0.5141606038950637,
    "std": 0.18653129061169466
  }
}