{
  "NR_IQA.qalign.raw": {
    "mean": 2.0742779356060606,
    "std": 0.29743835514740546
  },
  "NR_IQA.qalign.proc": {
    "mean": 2.8783735795454546,
    "std": 0.6075551246158201
  },
  "NR_IQA.maniqa.raw": {
    "mean": 0.21145176176320424,
    "std": 0.0856235560055822
  },
  "NR_IQA.maniqa.proc": {
    "mean": 0.4144878446152716,
    "std": 0.13498042416289732
  },
  "NR_IQA.clipiqa.raw": {
    "mean": 0.4563673384713404,
    "std": 0.1425192615193764
  },
  "NR_IQA.clipiqa.proc": {
    "mean": 0.739352436228232,
    "std": 0.12951779842669942
  },
  "NR_IQA.musiq.raw": {
    "mean": 40.36948053764574,
    "std": 11.75175809493507
  },
  "NR_IQA.musiq.proc": {
    "mean": 61.211844357577235,
    "std": 8.284607076208461
  },
  "FR_IQA.lpips": {
    "mean": 0.21588035571304234,
    "std": 0.14063111409296203
  },
  "FR_IQA.psnr": {
    "mean": 63.10958081635852,
    "std": 2.671532169367863
  },
  "FR_IQA.ssim": {
    "mean": 0.4915364757511951,
    "std": 0.1800125230627925
  }
}