{
  "NR_IQA.qalign.raw": {
    "mean": 2.14599609375,
    "std": 0.33067150518973576
  },
  "NR_IQA.qalign.proc": {
    "mean": 2.98697265625,
    "std": 0.5935206637275636
  },
  "NR_IQA.maniqa.raw": {
    "mean": 0.2291305897384882,
    "std": 0.09735715336743854
  },
  "NR_IQA.maniqa.proc": {
    "mean": 0.45357479199767115,
    "std": 0.13413553007900028
  },
  "NR_IQA.clipiqa.raw": {
    "mean": 0.47045945569872855,
    "std": 0.14107107921244025
  },
  "NR_IQA.clipiqa.proc": {
    "mean": 0.7597814309597015,
    "std": 0.1252891114688546
  },
  "NR_IQA.musiq.raw": {
    "mean": 43.615414733886716,
    "std": 11.97910658602002
  },
  "NR_IQA.musiq.proc": {
    "mean": 63.34770706176758,
    "std": 8.23953401231379
  },
  "FR_IQA.psnr": {
    "mean": 63.35515621629678,
    "std": 2.7941594777252594
  },
  "FR_IQA.ssim": {
    "mean": 0.515400030636905,
    "std": 0.18693147358031062
  },
  "FR_IQA.lpips": {
    "mean": 0.19429001033306123,
    "std": 0.09919812662082694
  }
}