{
  "NR_IQA.qalign.raw": {
    "mean": 1.68453125,
    "std": 0.4204061359402192
  },
  "NR_IQA.qalign.proc": {
    "mean": 3.802021484375,
    "std": 0.8901492990383795
  },
  "NR_IQA.maniqa.raw": {
    "mean": 0.1292893611267209,
    "std": 0.049821703063355635
  },
  "NR_IQA.maniqa.proc": {
    "mean": 0.33086383163928984,
    "std": 0.09916120940053749
  },
  "NR_IQA.clipiqa.raw": {
    "mean": 0.41033526927232744,
    "std": 0.08590387013343533
  },
  "NR_IQA.clipiqa.proc": {
    "mean": 0.49700998798012735,
    "std": 0.14293207738941519
  },
  "NR_IQA.musiq.raw": {
    "mean": 20.84734941482544,
    "std": 4.422640083348467
  },
  "NR_IQA.musiq.proc": {
    "mean": 61.43741830825806,
    "std": 13.752776080295734
  },
  "FR_IQA.lpips": {
    "mean": 0.45834813624620435,
    "std": 0.15524347426728113
  },
  "FR_IQA.psnr": {
    "mean": 63.52920821037123,
    "std": 2.840341683509772
  },
  "FR_IQA.ssim": {
    "mean": 0.4065187290270428,
    "std": 0.17399527593697514
  }
}