{
  "NR_IQA.qalign.raw": {
    "mean": 1.68453125,
    "std": 0.4204061359402192
  },
  "NR_IQA.qalign.proc": {
    "mean": 3.8485546875,
    "std": 0.8798389551575363
  },
  "NR_IQA.maniqa.raw": {
    "mean": 0.1292893611267209,
    "std": 0.049821703063355635
  },
  "NR_IQA.maniqa.proc": {
    "mean": 0.3331934829801321,
    "std": 0.09999483592839092
  },
  "NR_IQA.clipiqa.raw": {
    "mean": 0.41033526927232744,
    "std": 0.08590387013343533
  },
  "NR_IQA.clipiqa.proc": {
    "mean": 0.5000277233123779,
    "std": 0.138848462458574
  },
  "NR_IQA.musiq.raw": {
    "mean": 20.84734941482544,
    "std": 4.422640083348467
  },
  "NR_IQA.musiq.proc": {
    "mean": 61.58977926254273,
    "std": 13.992715228924409
  },
  "FR_IQA.lpips": {
    "mean": 0.463768775165081,
    "std": 0.1536492459178826
  },
  "FR_IQA.psnr": {
    "mean": 63.45566069962361,
    "std": 2.898395438335485
  },
  "FR_IQA.ssim": {
    "mean": 0.40849646302947396,
    "std": 0.16990290326727667
  }
}