{
  "NR_IQA.qalign.raw": {
    "mean": 1.68453125,
    "std": 0.4204061359402192
  },
  "NR_IQA.qalign.proc": {
    "mean": 3.84353515625,
    "std": 0.887340313227945
  },
  "NR_IQA.maniqa.raw": {
    "mean": 0.1292893611267209,
    "std": 0.049821703063355635
  },
  "NR_IQA.maniqa.proc": {
    "mean": 0.33568893298506736,
    "std": 0.10522225096934255
  },
  "NR_IQA.clipiqa.raw": {
    "mean": 0.41033526927232744,
    "std": 0.08590387013343533
  },
  "NR_IQA.clipiqa.proc": {
    "mean": 0.5021643179655075,
    "std": 0.14059118206422536
  },
  "NR_IQA.musiq.raw": {
    "mean": 20.84734941482544,
    "std": 4.422640083348467
  },
  "NR_IQA.musiq.proc": {
    "mean": 61.70937957763672,
    "std": 13.935102219105367
  },
  "FR_IQA.lpips": {
    "mean": 0.4645396953821182,
    "std": 0.15646926644601064
  },
  "FR_IQA.psnr": {
    "mean": 63.45740876782975,
    "std": 2.871996938988627
  },
  "FR_IQA.ssim": {
    "mean": 0.40724413305343854,
    "std": 0.17126848979977394
  }
}