{
  "NR_IQA.qalign.raw": {
    "mean": 1.68453125,
    "std": 0.4204061359402192
  },
  "NR_IQA.qalign.proc": {
    "mean": 3.7849609375,
    "std": 0.9415978367417447
  },
  "NR_IQA.maniqa.raw": {
    "mean": 0.1292893611267209,
    "std": 0.049821703063355635
  },
  "NR_IQA.maniqa.proc": {
    "mean": 0.3256065138429403,
    "std": 0.10506540684136205
  },
  "NR_IQA.clipiqa.raw": {
    "mean": 0.41033526927232744,
    "std": 0.08590387013343533
  },
  "NR_IQA.clipiqa.proc": {
    "mean": 0.4847893300652504,
    "std": 0.14536637993027388
  },
  "NR_IQA.musiq.raw": {
    "mean": 20.84734941482544,
    "std": 4.422640083348467
  },
  "NR_IQA.musiq.proc": {
    "mean": 60.439660663604734,
    "std": 15.100652578307676
  },
  "FR_IQA.lpips": {
    "mean": 0.472747400701046,
    "std": 0.15984025829008208
  },
  "FR_IQA.psnr": {
    "mean": 63.520215658589834,
    "std": 2.7724653749760293
  },
  "FR_IQA.ssim": {
    "mean": 0.4114914337422901,
    "std": 0.1678989081664836
  }
}