{
  "NR_IQA.qalign.raw": {
    "mean": 1.68453125,
    "std": 0.4204061359402192
  },
  "NR_IQA.qalign.proc": {
    "mean": 3.822841796875,
    "std": 0.8922628778628638
  },
  "NR_IQA.maniqa.raw": {
    "mean": 0.1292893611267209,
    "std": 0.049821703063355635
  },
  "NR_IQA.maniqa.proc": {
    "mean": 0.3316135635972023,
    "std": 0.09900969928911624
  },
  "NR_IQA.clipiqa.raw": {
    "mean": 0.41033526927232744,
    "std": 0.08590387013343533
  },
  "NR_IQA.clipiqa.proc": {
    "mean": 0.4961521950364113,
    "std": 0.14192240411151566
  },
  "NR_IQA.musiq.raw": {
    "mean": 20.84734941482544,
    "std": 4.422640083348467
  },
  "NR_IQA.musiq.proc": {
    "mean": 60.79353042602539,
    "std": 14.731444177473703
  },
  "FR_IQA.lpips": {
    "mean": 0.4624951130151749,
    "std": 0.15183104842656542
  },
  "FR_IQA.psnr": {
    "mean": 63.51937410331055,
    "std": 2.7895791862116583
  },
  "FR_IQA.ssim": {
    "mean": 0.40944989307608165,
    "std": 0.16715062658067303
  }
}