{
  "NR_IQA.qalign.raw": {
    "mean": 1.6773878528225807,
    "std": 0.42095140096420225
  },
  "NR_IQA.qalign.proc": {
    "mean": 3.747805359543011,
    "std": 0.957685014402668
  },
  "NR_IQA.maniqa.raw": {
    "mean": 0.12817738673860027,
    "std": 0.0480238846433694
  },
  "NR_IQA.maniqa.proc": {
    "mean": 0.32549768013338887,
    "std": 0.09973739523207059
  },
  "NR_IQA.clipiqa.raw": {
    "mean": 0.4135210502852676,
    "std": 0.0857754218737364
  },
  "NR_IQA.clipiqa.proc": {
    "mean": 0.4834856634498924,
    "std": 0.1360633884922454
  },
  "NR_IQA.musiq.raw": {
    "mean": 20.861987103698073,
    "std": 4.549894406706431
  },
  "NR_IQA.musiq.proc": {
    "mean": 59.81400280614053,
    "std": 15.344013825400427
  },
  "FR_IQA.lpips": {
    "mean": 0.4734497163244473,
    "std": 0.16002662480814558
  },
  "FR_IQA.psnr": {
    "mean": 63.6321775985792,
    "std": 2.911081845250825
  },
  "FR_IQA.ssim": {
    "mean": 0.41228391773039763,
    "std": 0.1732370075814425
  }
}