{
  "NR_IQA.qalign.raw": {
    "mean": 1.68453125,
    "std": 0.4204061359402192
  },
  "NR_IQA.qalign.proc": {
    "mean": 3.817783203125,
    "std": 0.9111658999622427
  },
  "NR_IQA.maniqa.raw": {
    "mean": 0.1292893611267209,
    "std": 0.049821703063355635
  },
  "NR_IQA.maniqa.proc": {
    "mean": 0.33032919965684415,
    "std": 0.09407703820573135
  },
  "NR_IQA.clipiqa.raw": {
    "mean": 0.41033526927232744,
    "std": 0.08590387013343533
  },
  "NR_IQA.clipiqa.proc": {
    "mean": 0.4928095045685768,
    "std": 0.14099753846059432
  },
  "NR_IQA.musiq.raw": {
    "mean": 20.84734941482544,
    "std": 4.422640083348467
  },
  "NR_IQA.musiq.proc": {
    "mean": 61.377773962020875,
    "std": 14.158398161992503
  },
  "FR_IQA.lpips": {
    "mean": 0.46744191080331804,
    "std": 0.15445150728603452
  },
  "FR_IQA.psnr": {
    "mean": 63.55247968546274,
    "std": 2.77331528365412
  },
  "FR_IQA.ssim": {
    "mean": 0.4091368883174894,
    "std": 0.16979650307326605
  }
}