{
  "NR_IQA.qalign.raw": {
    "mean": 1.68453125,
    "std": 0.4204061359402192
  },
  "NR_IQA.qalign.proc": {
    "mean": 3.84421875,
    "std": 0.8396520341984104
  },
  "NR_IQA.maniqa.raw": {
    "mean": 0.1292893611267209,
    "std": 0.049821703063355635
  },
  "NR_IQA.maniqa.proc": {
    "mean": 0.3313860855996609,
    "std": 0.09903693362966788
  },
  "NR_IQA.clipiqa.raw": {
    "mean": 0.41033526927232744,
    "std": 0.08590387013343533
  },
  "NR_IQA.clipiqa.proc": {
    "mean": 0.49356502160429955,
    "std": 0.1394091265637451
  },
  "NR_IQA.musiq.raw": {
    "mean": 20.84734941482544,
    "std": 4.422640083348467
  },
  "NR_IQA.musiq.proc": {
    "mean": 62.134045104980466,
    "std": 13.283631252783941
  },
  "FR_IQA.lpips": {
    "mean": 0.4647161903977394,
    "std": 0.15240673129814936
  },
  "FR_IQA.psnr": {
    "mean": 63.45562638149086,
    "std": 2.838866998340765
  },
  "FR_IQA.ssim": {
    "mean": 0.4051543075446207,
    "std": 0.16914520380186612
  }
}