{
  "NR_IQA.qalign.raw": {
    "mean": 2.0381626321811868,
    "std": 0.0008680500208991872
  },
  "NR_IQA.qalign.proc": {
    "mean": 3.321211430713384,
    "std": 0.5885842287709373
  },
  "NR_IQA.maniqa.raw": {
    "mean": 0.1790434704958038,
    "std": 0.0005897378093392758
  },
  "NR_IQA.maniqa.proc": {
    "mean": 0.27565624843022285,
    "std": 0.04949779930133171
  },
  "NR_IQA.clipiqa.raw": {
    "mean": 0.2276666739639459,
    "std": 0.0006732161500330918
  },
  "NR_IQA.clipiqa.proc": {
    "mean": 0.3723921053691043,
    "std": 0.08920556711499564
  },
  "NR_IQA.musiq.raw": {
    "mean": 27.68195126244516,
    "std": 0.06305932840952545
  },
  "NR_IQA.musiq.proc": {
    "mean": 53.78772439696572,
    "std": 10.331419289142863
  },
  "FR_IQA.psnr": {
    "mean": 63.61798113819307,
    "std": 0.19448341793276408
  },
  "FR_IQA.ssim": {
    "mean": 0.4450235740915164,
    "std": 0.046548719610666506
  },
  "FR_IQA.lpips": {
    "mean": 0.4106149169599468,
    "std": 0.003112542473189368
  }
}