{
  "NR_IQA.qalign.raw": {
    "mean": 2.29029296875,
    "std": 0.4009309574883819
  },
  "NR_IQA.qalign.proc": {
    "mean": 3.00662109375,
    "std": 0.5203613284258245
  },
  "NR_IQA.maniqa.raw": {
    "mean": 0.28499276615679264,
    "std": 0.08678573682493654
  },
  "NR_IQA.maniqa.proc": {
    "mean": 0.5173497295379639,
    "std": 0.11433973922340185
  },
  "NR_IQA.clipiqa.raw": {
    "mean": 0.5607445675134659,
    "std": 0.14019007834047184
  },
  "NR_IQA.clipiqa.proc": {
    "mean": 0.8157904851436615,
    "std": 0.08974996639995879
  },
  "NR_IQA.musiq.raw": {
    "mean": 50.03466066360474,
    "std": 8.17986513281765
  },
  "NR_IQA.musiq.proc": {
    "mean": 63.923687858581545,
    "std": 6.910238523626705
  },
  "FR_IQA.lpips": {
    "mean": 0.2167973207309842,
    "std": 0.14650945659313883
  },
  "FR_IQA.psnr": {
    "mean": 65.38528586015346,
    "std": 4.321999162938998
  },
  "FR_IQA.ssim": {
    "mean": 0.5385691343962695,
    "std": 0.24280453402517665
  }
}