{
  "NR_IQA.qalign.raw": {
    "mean": 2.29029296875,
    "std": 0.4009309574883819
  },
  "NR_IQA.qalign.proc": {
    "mean": 3.011181640625,
    "std": 0.5379108921243668
  },
  "NR_IQA.maniqa.raw": {
    "mean": 0.28499276615679264,
    "std": 0.08678573682493654
  },
  "NR_IQA.maniqa.proc": {
    "mean": 0.5212284836173058,
    "std": 0.11772127444318822
  },
  "NR_IQA.clipiqa.raw": {
    "mean": 0.5607445675134659,
    "std": 0.14019007834047184
  },
  "NR_IQA.clipiqa.proc": {
    "mean": 0.8193199753761291,
    "std": 0.09474942561260073
  },
  "NR_IQA.musiq.raw": {
    "mean": 50.03466066360474,
    "std": 8.17986513281765
  },
  "NR_IQA.musiq.proc": {
    "mean": 64.02992488861084,
    "std": 7.354059565489674
  },
  "FR_IQA.lpips": {
    "mean": 0.22556742530316115,
    "std": 0.14646226130052273
  },
  "FR_IQA.psnr": {
    "mean": 65.2045574181729,
    "std": 4.2813630010017
  },
  "FR_IQA.ssim": {
    "mean": 0.528507996276622,
    "std": 0.24464088109768256
  }
}