{
  "NR_IQA.qalign.raw": {
    "mean": 2.274558327414773,
    "std": 0.4013984585614537
  },
  "NR_IQA.qalign.proc": {
    "mean": 3.0025523792613638,
    "std": 0.5278207451503673
  },
  "NR_IQA.maniqa.raw": {
    "mean": 0.2897119819271294,
    "std": 0.08982180201544042
  },
  "NR_IQA.maniqa.proc": {
    "mean": 0.5228155038573525,
    "std": 0.12132659176101028
  },
  "NR_IQA.clipiqa.raw": {
    "mean": 0.5651859461583875,
    "std": 0.13669539528617775
  },
  "NR_IQA.clipiqa.proc": {
    "mean": 0.817724849012765,
    "std": 0.09466488502047558
  },
  "NR_IQA.musiq.raw": {
    "mean": 50.28242468833923,
    "std": 8.393745462913937
  },
  "NR_IQA.musiq.proc": {
    "mean": 63.960205511613324,
    "std": 7.733354843774426
  },
  "FR_IQA.lpips": {
    "mean": 0.2329617157917131,
    "std": 0.15294071792521186
  },
  "FR_IQA.psnr": {
    "mean": 64.97642268704725,
    "std": 4.263063890508704
  },
  "FR_IQA.ssim": {
    "mean": 0.536268000004759,
    "std": 0.24553285651991433
  }
}