{
  "NR_IQA.qalign.raw": {
    "mean": 2.29029296875,
    "std": 0.4009309574883819
  },
  "NR_IQA.qalign.proc": {
    "mean": 3.022734375,
    "std": 0.5203701124278977
  },
  "NR_IQA.maniqa.raw": {
    "mean": 0.28499276615679264,
    "std": 0.08678573682493654
  },
  "NR_IQA.maniqa.proc": {
    "mean": 0.5172440484166145,
    "std": 0.11630957150045447
  },
  "NR_IQA.clipiqa.raw": {
    "mean": 0.5607445675134659,
    "std": 0.14019007834047184
  },
  "NR_IQA.clipiqa.proc": {
    "mean": 0.8132291746139526,
    "std": 0.09686658589771859
  },
  "NR_IQA.musiq.raw": {
    "mean": 50.03466066360474,
    "std": 8.17986513281765
  },
  "NR_IQA.musiq.proc": {
    "mean": 63.92311195373535,
    "std": 7.302475052553179
  },
  "FR_IQA.lpips": {
    "mean": 0.21957921665161848,
    "std": 0.14961597831470197
  },
  "FR_IQA.psnr": {
    "mean": 65.34361282534196,
    "std": 4.2767069369431026
  },
  "FR_IQA.ssim": {
    "mean": 0.5497045160649656,
    "std": 0.24109116985218718
  }
}