{
  "NR_IQA.qalign.raw": {
    "mean": 2.29029296875,
    "std": 0.4009309574883819
  },
  "NR_IQA.qalign.proc": {
    "mean": 3.0284375,
    "std": 0.531597190007108
  },
  "NR_IQA.maniqa.raw": {
    "mean": 0.28499276615679264,
    "std": 0.08678573682493654
  },
  "NR_IQA.maniqa.proc": {
    "mean": 0.5253319415450096,
    "std": 0.1150046706382933
  },
  "NR_IQA.clipiqa.raw": {
    "mean": 0.5607445675134659,
    "std": 0.14019007834047184
  },
  "NR_IQA.clipiqa.proc": {
    "mean": 0.8205225074291229,
    "std": 0.09385362447374938
  },
  "NR_IQA.musiq.raw": {
    "mean": 50.03466066360474,
    "std": 8.17986513281765
  },
  "NR_IQA.musiq.proc": {
    "mean": 64.25474586486817,
    "std": 7.063813265226353
  },
  "FR_IQA.lpips": {
    "mean": 0.22468629498034715,
    "std": 0.14808225005071754
  },
  "FR_IQA.psnr": {
    "mean": 65.02837995737092,
    "std": 4.203523661981501
  },
  "FR_IQA.ssim": {
    "mean": 0.5369421815140338,
    "std": 0.2387703799031705
  }
}