{
  "NR_IQA.qalign.raw": {
    "mean": 2.29029296875,
    "std": 0.4009309574883819
  },
  "NR_IQA.qalign.proc": {
    "mean": 2.988193359375,
    "std": 0.5355048436378965
  },
  "NR_IQA.maniqa.raw": {
    "mean": 0.28499276615679264,
    "std": 0.08678573682493654
  },
  "NR_IQA.maniqa.proc": {
    "mean": 0.5140693721175194,
    "std": 0.11714727175934384
  },
  "NR_IQA.clipiqa.raw": {
    "mean": 0.5607445675134659,
    "std": 0.14019007834047184
  },
  "NR_IQA.clipiqa.proc": {
    "mean": 0.8130039483308792,
    "std": 0.10077298396981285
  },
  "NR_IQA.musiq.raw": {
    "mean": 50.03466066360474,
    "std": 8.17986513281765
  },
  "NR_IQA.musiq.proc": {
    "mean": 63.59613597869873,
    "std": 7.523540476796675
  },
  "FR_IQA.lpips": {
    "mean": 0.21263546336442232,
    "std": 0.14307529608455766
  },
  "FR_IQA.psnr": {
    "mean": 65.4681608790093,
    "std": 4.127943879654005
  },
  "FR_IQA.ssim": {
    "mean": 0.54939301012115,
    "std": 0.23649125173657812
  }
}